ID_exhibidor,Enlace
34934,https://www.cubiertasqueretaro.mx/#inicio
35013,https://brandos.com.mx/empresa.html
35068,https://www.fordemex.com/maquinados
35100,https://www.jrb.com.mx/PAGINA-DE-INICIO/
34802,http://www.thewoods.com.mx/
34796,https://castel.com.mx/
34740,https://www.borepi.com.mx/productos-del-mes
34854,https://www.pisoexpressmaderaymarmoles.com/?utm_source=SeccionAmarilla&utm_medium=Listado-de-Resultados&utm_campaign=413025201&utm_term=pisos#CONTACTO
34915,https://www.alutecaluminioyvidrio.com/
34961,https://www.vcqro.com/#PRODUCTOS
35019,https://www.vialmexvidriosyaluminios.com/contacto.html
35024,https://www.vidrioyaluminioizcalli.com/?utm_source=SeccionAmarilla&utm_medium=Listado-de-Resultados&utm_campaign=413026137&utm_term=aluminio-vidrio#inicio
35037,https://www.versavitroags.com/
35464,https://www.vidriosandiola.com/
35474,https://www.vidrieriaroelvi.com/
35565,https://aldeval.mx/
34719,https://acrilicostijuana.com/
34843,https://rnw.com.mx/
34893,https://tubos-y-tubos.negocio.site/?utm_source=gmb&utm_medium=referral
34800,https://www.vigaferretera.com/
34704,https://zosacaba2.com/
35524,https://delvalleacabados.wixsite.com/delvalle
35550,https://perfilesaltavista.mx/
35770,https://www.cortinasdeaceromaya.com.mx/?utm_source=SeccionAmarilla&utm_medium=Listado-de-Resultados&utm_campaign=412788287&utm_term=venta-de-acero#inicio
35784,https://www.herreriaycortinasdeacerorodriguez.com/
35809,https://www.cortinasdeacerosicsolucion.com/
35830,https://www.ambarcargo.com.mx/
35870,https://www.mallasdemorelia.com/?utm_source=SeccionAmarilla&utm_medium=Listado-de-Resultados&utm_campaign=412859974&utm_term=venta+de+mallas#servicios
35897,https://www.alemsamty.com/?utm_source=SeccionAmarilla&utm_medium=Listado-de-Resultados&utm_campaign=996894984&utm_term=venta+de+mallas#inicio
35924,https://www.mallamax.com/
35940,https://www.envolpaqslp.com/
36155,https://ceramicaiberoamericana.miadn.mx/?utm_source=SeccionAmarilla&utm_medium=Listado-de-Resultados&utm_campaign=3876531&utm_term=venta-de-mosaicos
36174,https://decorati.miadn.mx/?utm_source=SeccionAmarilla&utm_medium=Listado-de-Resultados&utm_campaign=997107394&utm_term=venta-de-mosaicos
36184,https://www.bacelcomercializadora.com/?utm_source=SeccionAmarilla&utm_medium=Listado-de-Resultados&utm_campaign=412910111&utm_term=venta-de-mosaicos#servicios
36212,https://www.cabopoolandspa.com.mx/accesorios-para-albercas
36253,https://www.qubicaandamios.com/
36277,https://www.rehalumvidrioyaluminio.com/
36304,https://www.tempaglass.com.mx/?utm_source=SeccionAmarilla&utm_medium=Listado-de-Resultados&utm_campaign=412962756&utm_term=venta+de+pasamanos#inicio
36333,https://www.stainlesscln.com/?utm_source=SeccionAmarilla&utm_medium=Listado-de-Resultados&utm_campaign=412818316&utm_term=venta+de+pasamanos#productos-y-servicios
36545,https://www.escalavisualarquitectos.com/
36557,https://www.in-sightarquitectos.com/
36570,https://www.amasldisenoyconstruccion.com/
36604,https://www.variablearquitectura.com.mx/
36647,https://www.proyectosyplanosjuarez.com/
36663,https://www.avoarquitectos.com.mx/
37027,https://www.plomerosentorreon.com/
37038,https://www.ampliacionesymultiservicioslosabeles.com/
37047,https://www.soldadurasespecialesyconvencionalesutp.com/
37101,https://www.refrigastodoenrefrigeracion.com/
37134,https://www.jgrservicios.com.mx/#INICIO
37169,https://www.maqmasi.com.mx/
37199,https://www.exelmexicana.com.mx/
37499,https://www.mimconstructions.com.mx/
37511,https://www.ragococinasindustriales.com/
37522,https://www.hidroneumaticosenchihuahua.com/
37558,https://www.vaporysaunaevasa.com/?utm_source=SeccionAmarilla&utm_medium=Listado-de-Resultados&utm_campaign=411274132&utm_term=servicio-instalacion-saunas-y-turcos#msgtop
37587,https://www.hueyoazul.com.mx/
37611,https://www.interflu.net/
37646,https://www.instalacioneselectricasgomez.com/
37687,https://www.herreriahinojosa.com.mx/
37905,https://www.lavadodealfombrasymueblesdelsur.com/
37910,https://www.pisostapicesyalfombras.com/
37921,https://www.tapiceriaelteacher.com.mx/
37950,https://www.taxalpuebla.com/
37971,https://www.decoracioneslaredo.com/#inicio
37996,https://www.lacasadeltapicero.com.mx/
38360,https://www.arquiproyectptc.com/
38367,https://www.techosyreparacionesrios.com/
38387,https://www.recubrimientostrujillo.com.mx/
38415,https://www.techoscurvosgrupo.com/
38444,https://www.impercondemexico.com/#inicio
38465,https://www.poliuretanoaislater.com/
38490,https://www.impermeabilizacionescereceres.com/
38519,https://www.impermeabilizacionesflores.com/?utm_source=SeccionAmarilla&utm_medium=Listado-de-Resultados&utm_campaign=412862240&utm_term=venta-de-techos-gypsum#Inicio
38820,https://www.campersycarroceriaslider.com/?utm_source=SeccionAmarilla&utm_medium=Listado-de-Resultados&utm_campaign=409599538&utm_term=Venta+de+Camas#INICIO
38833,https://www.tapiceriabarajas.com/
38845,https://www.gruasymaniobraslosmochis.com/
38861,https://gruasytransportesanayasadecv.miadn.mx/
38877,https://gruasolivera.miadn.mx/
38916,https://www.decoraconlaton.com/
38948,https://www.todoenmadera.net/#inicio
38986,https://www.closetsycocinasyakz.com/
39426,https://www.extersol.mx/
39437,https://www.kioscosdemexico.com.mx/
39452,https://www.refrigeracionpuebla.com/
39469,https://bamsabombas-online.miadn.mx/
39560,https://impulsoraindustrialguadalajara-jalisco.miadn.mx/
39598,https://refrigeracionarandas.miadn.mx/
39639,https://www.exitabasco.com.mx/
39946,https://www.terrazacym.com/pergolas
39977,https://www.arteenpisosdemadera.com.mx/
35120,http://www.ferreabasto.com.mx/
35128,https://nicelocal.com.mx/aguascalientes/building/castillo_hermanos/
34949,https://ciasaconstruccion.com.mx/index.html
35038,https://a-a-remodelaciones-en-tablarroca.ueniweb.com/#about_us
35071,http://constructoracaneros.com.mx/
34912,http://www.gsloreto.mx/#
31757,https://dos31bienesraices.com/
35224,https://www.ampicancun.com/
35227,https://www.turquesatdbienesraices.com/
35231,http://www.patycardonacancun.com/
34901,https://materialesparaconstruccion.org.mx/
34793,https://www.novogar.com.mx/
34822,https://bienesraicessaltillo.mx/
34857,https://www.maxjhonsonrealstate.com/
34906,https://grupovazpe.com/
34952,https://www.valladolidinmobiliaria.com.mx/index.php#
34732,https://acerossantamaria.wixsite.com/aceros-as
34757,https://tododmarmol.com/product/granito/
34762,https://marmoles-y-granitos.com/
34764,https://decanteranatural.com/
34788,https://www.adamsa.com.mx/
34835,https://www.rentemaschih.com/
34894,https://www.superblock.com.mx/adoquines.html
34964,https://volton.com.mx/productos/
34976,http://pintasuper.com/hogarydecoracion
34991,https://www.pinturasysolventesdeuruapan.com/
35017,https://www.muebles-macal.com.mx/catalogo-macal/
35031,http://closetsvanguardiamedellin314.com/
35272,https://pertaplas.com/
35273,http://www.roleysillas.com.mx/
35276,http://www.hfmexico.mx/MEMIndustrial/
35278,http://www.grupoprofor.com.mx/
34819,https://manufacturasenceramica.com.mx
34922,https://www.grupogalba.com
34974,https://www.serviserviciosomega.com/#inicio
34741,https://www.materialeslivianos.com/
34745,https://acerosarreola.com/
34831,http://www.materialesjr.com.mx/men-.html
34914,https://ferremart.admintotal.com/ecommerce/
34921,https://aibcmx.com/
35003,https://www.prodeliluminacion.com/
35062,https://ledsmex.com/index.php/
35067,https://www.mextelecom.mx/marketplace/homes/Default.aspx
35094,https://grupollyr.com/mx/21-catalogos
35583,https://reyesmaquinariadelsur.com/
34731,https://www.imacon.com/
34806,https://nakomsa.com/esp/
34930,https://safetyoffshoremex.com/
34947,http://www.plasticosaleman.com/inicio
34966,https://reng.com.mx/
34975,https://www.hubbell.com/hubbellmexico/es_MX
34981,https://mptindustrial.com/
35002,https://www.elit.com.mx/
35011,http://distribucionesrobin.com.mx/
34677,http://www.gmiperfil.com/
34287,https://taller3construccion.com.mx/index.html
34315,https://www.mutuoestudiocreativo.com/
34403,https://www.innopresa.mx/
34408,https://remodelaciones-y-construimos-guzman.ueniweb.com/#about_us
34538,https://www.cortinasdeaceromagallanesjr.com/#INICIO
34737,https://www.remodelcc.com.mx/
34749,https://gabeconstruccion.com/
34758,https://confiacero.com/
35142,https://www.msemorelia.com.mx/#INICIO
35131,http://vled.com.mx/
35118,https://matepsa.negocio.site/
35072,https://www.puertasmajo.com.mx/
35043,https://www.drizaguadalajara.com/
34697,https://el-palacio-de-las-maderas.kyte.site/
34706,https://www.conceptualika.com/
34715,https://mesaspararestaurante.com.mx/
35260,https://jaldair0914.wixsite.com/elcastillodelmueble
35261,https://4oncemuebles.wixsite.com/siete
34760,https://www.valdinox.com.mx/index.html
35448,https://vmr.mx/
34898,https://www.ledcentermorelia.com/
34996,https://www.innlite.com/
35012,https://www.ledconcept.com.mx/
35023,https://stlighting.tienda/
35041,https://ecoluce.mx/
35055,https://3miluminacion.com/
35069,https://lumitecnia.com.mx/
35512,https://iluminacionhernandez.com/
35538,https://casadelasluces.com.mx/
35555,https://solidomuebles.com/#
35572,https://thehdesign.com.mx/
35599,https://legnomuebles.com/
35228,https://altamura.mx/
35237,https://www.deurope.com.mx/
34539,https://canceleria-aluminio-y-vidrio-martinez.ueniweb.com/
34544,https://www.vidriosyaluminiosmisael.com.mx/#INICIO
34826,https://www.construccionyproyectosjc.com/
34830,https://www.construccionespantojamarquez.com/
34838,https://www.construccionesyremodelacionesfred.com/
34849,https://www.mcconstruservicios.com/
34856,https://svarquitecturaintegralsadecv.miadn.mx/
32316,http://gruposyasa.com
32323,http://broissin.com
32361,http://islaurbana.org
32387,http://grupo-huitzilin.com.mx
32572,http://grupomkn.com
32627,https://marsatyc.com/
34844,https://www.proyect-ar.net/
34945,http://www.marinasgt.com/
35027,https://www.terraceriasypavimentos.mx/
34649,https://bearingsbolts.com.mx/
34652,https://www.tuksonora.com/
34664,https://gotec.mx/
34667,https://union.mx/
34671,https://techcoadhesivos.com/
34673,https://amv.com.mx/
35033,https://www.gluteka.com.mx/
34705,https://www.ferreazteca.com/
34817,https://www.jrblockdecalidad.com/
34845,https://www.materialesparaconstruccionsigloxxi.com.mx/
34890,https://www.cercoscuchi.com/
35188,https://www.ferreteriastrupertijuana.com/
35189,https://www.cedepademoliciones.com/
35190,https://www.construccionesyproyectoselectricos.com/
35191,https://www.ferrenortenuevolaredo.com.mx/
35192,https://www.mafevasadecv.com/
35197,https://www.refaccionariaferreterapuntamitagvr.com/
35205,https://www.ccemeta.com.mx/
35303,https://www.pilotesmonterrey.com/
35304,https://www.viboblock.com.mx/
35313,https://www.hydrocalsan.com.mx/
35328,https://madereriayferreterialosflematesadecv.miadn.mx/
35333,https://acerosymaterialesprodihura.miadn.mx/
35351,https://materialesgame.miadn.mx/
35369,https://materialesjuandedios7053dc65.miadn.mx/
35400,https://materialesocosingosadecv.miadn.mx/
34724,https://marmolesytocadores.com.mx/
34753,https://marmolesbierzo.com/
34759,https://www.grupodekorart.com/
34785,https://prodintransformadores.mx/
34870,https://www.acabados.com.mx/
34900,https://rojomazatlan.wixsite.com/rojorecubrimientos
34222,https://ghvega.com/
35165,https://balconeriavidriosyaluminioseric.negocio.site/?utm_source=gmb&utm_medium=referral
35167,https://vidriosyaluminioseltrebol.negocio.site/?utm_source=gmb&utm_medium=referral#details
35175,https://innovavidrio.com/
34833,https://cfrancoarquitectura.swi.mx
34866,https://www.estudiosanjuan.com
35078,https://ge-arq-estudio.negocio.site
35083,https://www.jorgebenitezarquitecto.com
34795,https://kukul.mx/
34932,http://www.pisosyazulejosacosta.com/index.html
35004,https://www.collado.com.mx/Default
35551,https://www.comeysgsa.com.mx/
35573,https://www.tigra.com.mx/?fbclid=IwAR3YQNw79s0AC5S-msaW6DySpgz4hmZHHz5Lfph9DdfEluFH5Z4EdxgvDSk
35589,https://www.manoymadera.com.mx/
35141,https://somosimpulsaproyectos.com/
35158,https://www.slchapa.com/
35160,https://verissa.mx/
34748,https://www.lidec.mx/conocenos
34775,https://reqnosa.com/
34810,https://www.construcciongonzag.com.mx/#servicios
34889,https://dyrmaquinaria.webnode.mx/contacto/
34917,https://andamiosresendiz.com/
34933,http://agroconstruyservicios.com/
34960,https://www.rheinmaquinaria.com/
34797,http://www.cubiertasdegranitoqueretaro.com/
34902,http://marmolesfox.com/
34925,http://www.rgmarmolesygranitos.com.mx/
34946,http://maqro.mx/
34971,http://pisosyacabadosqro.wix.com/pisos-y-acabados-qro
35000,http://www.barrocolonial.com/
34941,https://www.promocionalesenlinea.com/xpressa-t
35084,https://www.laminex.mx/
35103,https://flux.com.mx/
35149,https://dimaqsa.mx/
35157,http://www.solinsa.com.mx/
35170,http://www.proemin.com/inicio
34781,https://pergolite.weebly.com/
34816,https://supermayoreo.mx/
34837,https://pisosiberia.com/tapiz
34853,https://www.asigma.com.mx/canceleria
34883,https://www.kupscocinas.com/#contacto
34913,https://www.pergolasydomosdepueblaerg.com/#SERVICIOS
34924,https://www.aticconstructora.com/contacto
34940,https://www.europisosbmg.com/#CONTACTO
35289,http://www.pcmm.com.mx/index.html
35290,https://ceramicasantajulia.com/
35291,https://ceramosa.com.mx/
35293,http://thewoods.com.mx/
35298,https://www.lopezmoro.com/#contacto
35299,https://www.intermodec.com/contacto
35510,https://www.wonderwalls.mx/?utm_source=google&utm_medium=wix_google_business_profile&utm_campaign=11620203834322662117
34766,https://www.cortinasdeacerocalifornia.com.mx/
34767,https://www.cortinasyaccesosindustriales.com/
34769,https://www.ecovial.com.mx/
34773,http://electropulidos.com/
34774,https://proesinsa.com.mx/
34777,http://www.seguridadyferreteria.com/
34780,https://doorsmexico.com/index.html
35244,https://www.prysf.com/
35245,http://lamypanel.com.mx/
35246,https://masdock.mx/
35247,https://wapcosa.com/
35248,https://www.cosmos.com.mx/empresa/comercializadora-bojorquez-gpwh.html#informacion-general-titulo
35249,https://www.cijeri.com/index.html
35250,https://www.proyetel.com/
35251,https://www.inconytel.com/
34827,http://aceros8dejulio.com.mx/contacto.html
34850,https://hymssa.com/
34948,https://accessyucatan.com
34969,https://www.bienesraicescardo.com
35075,https://www.slbienesraices.com
35086,https://www.balamgroup.com.mx
35111,https://hvaclatam.com/
35113,https://giitmexico.com.mx/
35123,http://www.softermia.com.mx/index.html
35139,https://mastercold.com.mx/
35144,https://www.aclimas.com/index.html
35161,https://serviaceroem.com/
35171,https://filerk.mx/
35233,https://www.rigsa.com/home-rigsa
35252,https://laminasperforadas.com/
35265,https://silaracks.com.mx/
35270,https://www.sempresariales.com/
35274,https://www.moldexmexico.com/
35117,https://sites.google.com/view/atmneumatics/inicio/
35109,https://www.mexicanadetubos.com.mx/
35005,https://www.maquinaria-villahermosa.com.mx/#
34958,https://www.corensur.com.mx/#inicio
34752,http://www.petrovalco.com/
34814,https://vcmaq.negocio.site/
35009,https://vivalasplantas.com/
35056,https://www.equiposdeoficinagb.com/
35070,https://www.gbazar.com.mx/
34707,https://www.albercasenmty.com/
34746,https://www.albercasyaccesorios.mx/
34768,https://himosa.com/
34829,http://www.io-compras.com:8380/IO/jsps/Home.jsp
34908,https://adises.com.mx/
35208,https://www.maesmi.com.mx/index.html
35214,https://www.plomeplast.com/
35240,https://lucairoferreteros.com/
35253,https://tornos-cnc.com/
35258,https://plomehidraulica.mx/
35266,http://tubemex.com/index.html
35310,https://www.bricotpuebla.com/#inicio
35323,https://www.conexionesytubosangelopolis.com/index.php
35337,https://dhpue.com/index.html
35374,https://www.tubosybarrashuecas.com/index.php
35416,https://www.gestiriego.com/
35465,https://www.asehidraulica.com/
35521,https://encaviproyectos.com/
35542,https://eurovaldelcentro.com.mx/
34935,https://www.petravia.mx/index.html
34939,https://www.harbo.mx
34943,https://slabs.com.mx
34957,https://marmolesdemexico.com
34965,https://www.maquinares.mx
34978,https://www.onice.mx
34986,http://www.mexinart.com
34993,https://www.laminasdeonix.com.mx
34973,https://www.artesaniasmayo.com.mx
35640,http://www.ceramica.org.mx/index.html
35647,https://ceramicaantique.mx
35650,https://www.elgigantedelosazulejosymarmolesdecdvalles.com
35658,https://www.alfer-perfiles.com
35662,http://simax.com.mx
35852,https://www.grupopersianasdemexico.mx/grupo-persianas-merida.php
35869,https://www.decopersianas.com.mx
35894,https://www.persianasdma.com
35900,https://www.persianaswellness.com
35917,https://persianas-y-decoraciones-de-mexico.ueniweb.com/#about_us
36922,https://persianasmad.com/?fbclid=IwAR1CEUEpcY0KylcgOc2vSqsmv4xlGXFfGrmkhYyAb1ak68-WHckDZzMKrgA
36926,https://persianasheritage.com/?fbclid=IwAR0lhx7AtBOa4lXhQA0uG1JPCiPhVgrtsH3-ZXzyzm4zhWr0k7X8QvsPLz4
36933,https://jacuzzisbuendia.com.mx/?fbclid=IwAR0n1pbtdEXw0t_FlzmZHS8qeY-ao_8-zZOLuZkGr3u-hLQypXOCqbc0FAQ
37088,https://www.sunshinecdmx.com.mx/?fbclid=IwAR3_K-NgsnwAjRMq75EYdxMEBA_-Mq3LZvskJ5YNTU2_ftlMSimZdIKyVwk#PRODUCTOSYSERVICIOS
37165,https://www.mobimuebles.com
37193,https://glupiscinas.com/?fbclid=IwAR3_xVOEKVXUBIks7rQkkd3kkS2SIQtUTCfKkORyH5WH6Sry-VWLHsUZe18
37216,https://www.superpisosmcp.com/?fbclid=IwAR3K7mLObtAWtBUhAgNopDHPLnDwYDWraq5ZXt1ZatGiOQkOg-7cebZwWGc
37221,https://www.epoxyland.com.mx/?fbclid=IwAR1G6HTxeOi6t9Pd--xdXCgQQl99Q5QJCyp8wBwdavGBYXkuEjxlbikrlyg
37225,https://redtools.mx/contacto/
37229,http://aluminextsderldecv.com.mx/materiales.html
37641,https://www.nanumx.com/listado/hogar-muebles-jardin/
37707,https://www.moldurassanluis.com/product/pasamanos-de-madera-pa-02/
37721,https://www.totalmarket.com.mx/product/pasamanos-para-barandal-8cm-ancho-x-4cm-grueso-x-2-40m/
37962,https://www.blownglassinternational.com.mx/categoria-producto/artesanias/lamparas/lamparas-esfericas/
37964,https://www.casaalegria.com.mx/producto/juego-de-lamparas-artesanales-de-barro-blanco/
37968,https://www.manosmexicanas.com.mx
38889,https://www.davidpompa.com/contact/
38910,https://www.amorettibrothers.com.mx
38936,https://morart.ueniweb.com/#products
41182,https://amoresmejico.com.mx/contacto/
41187,https://grupoadame.wixsite.com/grupoadame?fbclid=IwAR3Kd67WYRkMPqej2bKqJiosQZiJYFuDjm15QMXI0dyc7n-UgiS9Q6MgV10
41728,https://www.alegriamexicana.mx
41759,https://www.baobabdeco.com.mx/?fbclid=IwAR21dTurMRnZPPktyTVepuVLj59vpPuhB9RvuUqiM1XIvsN4chkerf7YnL0
41773,https://www.sequoia.com.mx/madera-tratada
41780,https://www.pulidodepisos.mx/contacto/
39630,https://demipueblomuebles.com/?fbclid=IwAR20CRTJShUwnGcuPR7CtMISx8y2DqjtkMYrywd1w5YnPqBHJO-gq8tnVSk
39679,https://www.cuitlapilli.mx
39685,https://vetasmx.wixsite.com/catalogo
39741,https://www.mueblesrusticosdemadera.com
39819,https://artesaniascandilesyarbotantes.com/web/index.php/contacto/
39822,https://www.kublaikan.com.mx/candilesartesanales.html
40515,http://www.laperlamosaico.com
40545,https://www.talaveradelareyna.com.mx
40585,http://www.pisoscolonialessa.com.mx
40628,https://mosaicosdediseno.com/?fbclid=IwAR1FqgCfEjCJ2Nk3-gy9iOR4xUi_Py5teYFwICbrd8q8BeZB5IeBbwdafb4
40636,https://talaveracelia.com/somos.html
40663,https://tekiti.mx/catalogo/
40688,https://www.artefacto.com.mx/vidrio
40697,https://ruizbazan.com/tienda/
40703,https://artesaniasdemexico.com/categoria-producto/tapetes-de-teotitlan/
40707,https://covatex.com/categoria-producto/fabricante-tapete-mexicanos-artesanales/
40714,https://www.sanchoponchoblog.com/contacto/?lang=es
41783,https://propisos.com.mx/?fbclid=IwAR0mXsQUIdKUQg6mlXf4H7I6EAvhVnNyjRYhYkzWYh2bYg9xORkTI6J6_3w
41801,https://www.chapasyherrajes.com
35080,https://www.vidriosyaluminiodelta.com/#CONTACTANOS
35089,https://www.vialumar.com/?gclid=CjwKCAjw4P6oBhBsEiwAKYVkq3Yrj-ABlsvCk0BlDOPKBpJYgB-LbF5N3oNs6ROF7xN7wIr7jEW0AhoCFPIQAvD_BwE#Contacto
35098,https://www.vidrieriasolvial.com/#contacto
35146,https://aluminioycristalreforma.com/somos.html
35148,https://www.dko.com.mx/
34701,http://www.empreshop.com.mx/index.html
34702,https://mobiliscomercializadora.net/
34708,https://www.casaverdediseno.com.mx/
35312,http://www.hecvani.com/
35311,https://www.lomamateriales.com/
34813,https://construobra-materiales.negocio.site/?m=true#details
34916,https://www.materialessanotilio.mx/about-us.php
35433,https://materiales-para-construccion-rocha.negocio.site/
35546,http://www.ferremayo.com.mx/
35597,https://ferco.com.mx/
35689,http://www.ferreteriaelmartillo.com.mx/
35718,http://www.ferretera41.com/
34834,https://santarosa.mx/
34869,https://www.bcablock.com/
34972,https://www.materialesyagregadosguasave.com/
34992,http://www.alassa.mx/
35018,https://www.asife.com.mx/?fbclid=IwAR3_MUqqWBiANgzOACXtBJhfM9dJmQpr4E2k1yD5yVMY9JX4kDiOfvTPzzw
34725,https://www.construmart.com.mx/
34726,http://www.distribuidoradeaceros.com.mx/index.html
34884,http://www.construmat.com.mx/
34747,https://cromoduro.mx/index.html
34754,http://construmat.mx/default.htm
34728,http://www.pat.com.mx/index.html
35395,https://www.acabadosresidencialesenmadera.com/
35064,https://www.fuerzahidraulicademexico.com/
34926,https://www.fuerzadiesel.com/
34951,https://duna.com.mx/sustentabilidad/
34959,https://aluminiopuro.mx/
34985,https://comaqconexionesymangueras.negocio.site/
34988,https://www.kwx.com.mx/ServletInicio?operacion=1
34995,https://www.oep.com.mx/PaginaPrincipal
34998,https://www.andamiosymaterialespalacios.com/
35193,https://troqueladosjolmar.miadn.mx/
35202,https://www.aldocanmexicana.com/
35204,https://www.crediland.com.mx/
35220,https://imec-1.ueniweb.com/
35210,https://muebleseco.com/
35213,https://marbelcortinasypersianas.com/
34718,https://cortinascontinental.com.mx/
34727,https://www.grupomli.com.mx/
34744,http://ceramicaprisma.mx/
34751,http://www.provent1.com.mx/
34789,https://cerrusa.com/
34808,https://www.ideasmobiliario.mx/
34535,https://grupodimareco.com/
34750,https://www.gruponr.com.mx/
34756,https://www.thogaconstrucciones.com/
34761,https://muebleriacaminoacasa.com/
34903,https://www.performance-construccion.com/
34919,https://www.dcnempresa.com.mx/
35085,https://www.encuentrabienesraices.com/
35091,https://www.panchosvillas.com/
35096,https://www.inmueblesdemexico.com/
35097,https://inmobiliaria-caso.easybroker.com/
35099,https://capitaliainversiones.mx/
35115,https://orbebienesraices.com.mx/
35116,https://www.larocabienesraices.com/
35119,https://domik.nocnok.com/
35151,https://www.baezainmuebles.com/
35153,https://inmobiliariaeleden.com/
35155,https://inmobiliarialafayette.com/
35277,https://lpa.com.mx/
35281,http://www.diconinmobiliaria.com/
35282,https://www.bienesonline.mx/#
35284,https://siespinosa.mx/
35286,https://www.central-i.com/
35287,https://www.etpm.com.mx/servicios
34956,https://www.mhproyectosconstruccionymantenimiento.com.mx/
34836,https://www.proyectosyconstruccionesurias.com/
34498,https://www.gamboaconstrucciones.com/#contacto
34433,https://construex.com.mx/admin-user/index
34343,https://concasa.mx/
34791,https://sierramorena.com.mx/
34794,https://kadelai.com/
34804,http://www.nexxus.com.mx/
34815,https://www.urbanplan.com.mx/
34832,http://ferreteriatexmex.com.mx/contacto.html
35050,https://femacomateriales.com/#home
35052,https://www.solsaw.mx/
34904,https://arquitecturavivalo.wixsite.com/website
34997,https://materiales-para-construccion-sion.negocio.site/
35301,https://www.construrama.com/
35642,https://herreriamendoza.com.mx/
35670,https://prefabrik2.com.mx/
34807,https://superbanosmva.com/
35484,https://www.disenosenacrilico.com/
35417,https://etigol.com.mx/
35427,https://www.muebleriahidalgo.com/
35449,https://muebleriamarcell.com/
35456,http://www.amueblarte.com/es/?s=1
35469,https://www.plegamax.com/
35305,https://tornillosindustrialesdecalidadsadecv.miadn.mx/
35306,https://www.ferreteriainntrea.com/
35307,https://www.ferretera9hermanos.com/
35314,https://www.ferrepisosescobedo.com/
35316,https://www.ferreteraymadereralamorza.com/
35318,https://www.suministrosintegralesal.com/
35321,https://www.coronaferreterias.com/
35324,https://www.instagram.com/materialesvarasa/?img_index=1
35611,https://gruposamanoqro.com/product/soldadora-inversor-electrodo-lift-tig-ie-9200-160-lcd/
35335,http://www.grupohega.com/
35383,https://logismaq.com/
35425,https://iccsamx.com/
35473,http://www.heavymaq.com/
35514,https://macesur.com.mx/
35531,https://www.ocmaquinaria.com/nosotros
35622,https://www.geahomes-bienesraices.com/
35451,https://clustersinmobiliaria.com.mx/
35459,http://jurininmobiliaria.com.mx/
35467,https://www.gdinmobiliarias.com/
35472,https://inmobiliarialm.com/
35475,https://www.arkasa.mx/
35480,https://www.metropolitanasesores.com/
35490,https://www.donatostone.com/
35329,https://www.ladrilleradepuebla.com/
35338,https://tutechoymaquinariafrp.com.mx/
35391,https://mconstrugar.com/
35407,https://www.eivmaquinaria.com/
35432,https://surtidordeloscabos.com/?v=76f42443d972
35450,https://gradillas.mx/categoria-producto/makita/
35481,http://apcadoq.com.mx/index.html
35332,https://fabricasdecholula.com/index.php
35340,https://www.pisosyazulejosmonarca.com/#productos
35365,https://www.vykherramientas.com/index.html
35424,https://cwmexico.com/
35436,https://www.industrialdelagua.com/
35460,https://totalshower.mx/index.aspx
34404,https://www.electricamina.shop/contacto
34414,https://grupoascencio.com.mx/
34427,https://www.cnorte.com.mx/index.php
34440,https://www.stilla.mx/contacto.html
34464,https://www.jwjgdl.mx/contacto/
34473,https://ferremayoreo.odoo.com/
35619,https://ferreteriasenpuebla.com/
35623,https://www.ferreteriaenmayoreo.com.mx/
35382,https://beevergreen.mx/
35394,https://www.merkaxa.com/#RL
35430,https://ditulum.com/
35455,https://fiviclass.com/
35487,https://www.detallemacetas.com/
35595,https://novedades-en-resina-alejandra.ueniweb.com/?utm_campaign=gmb
35440,https://www.comercializadoraenyucatan.com/
35442,https://www.floresrojasarquitectura.com/
35594,https://www.acabadosdebarro.com/index.php
35618,https://www.floorandwall.mx/
35578,https://www.claireconcepto.com.mx/
35452,https://www.acerosdealtorendimiento.com/
35563,http://www.hemarconstrucciones.com.mx/
35405,https://www.naste.mx/
35545,https://www.mueblesexterior.com.mx/
35586,https://estudiolofft.com/
35609,https://www.domumim.com/
35413,http://www.inmobiliarialatitud.com/home
35419,https://aghinmobiliaria.com.mx/
35483,https://www.dominiosinmobiliaria.mx/
35494,https://inmocapitalcuu.com/
35508,https://www.tu-inmobiliaria.mx/
35513,http://rreco.com/
35347,https://concorpega.mx/
35485,https://inmasol.com.mx/
35445,http://aceroatd.com.mx/
35526,http://aceroforma.com.mx/?page_id=13
35557,https://aceroyservicio.com.mx/aleaciones-especiales/
35593,http://www.querinox.com/index.php
35386,http://mueblemex.com/
35406,https://www.fadimsa.com.mx/index.html
35534,https://mobiliariopararestaurantes.com.mx/
35537,https://mueblesitalo.com.mx/
35602,http://www.mcasa.com.mx/home/
35604,https://prexpersianas.com/
35613,https://www.vidrieraguaycura.com/
34025,https://www.hidraulicamexicana.com/
34449,https://construsanfrancisco.miadn.mx/
33041,https://www.edificacionymaterialesgdl.com/
33047,http://www.serviciohidraulico.com.mx/
33422,http://manguerascadereyta.com.mx/
33439,https://www.hymsa.com.mx/
33442,https://inmobihaus.net/
35426,https://muebleriadelosaltos.com/
35561,https://acero-estructural.com/
35596,https://www.mueblesperaza.com.mx/
35607,http://www.servicom.mx/home.html
35343,https://sitecom.com.mx/
35350,https://www.terraceriasyconstruccionestcg.com/
35353,https://cccdemexico.com.mx/
35363,https://www.bestil.com.mx/index.html
35511,https://www.inmobiliarialrz.com.mx/
35388,https://inmobiliariagonzalezpruneda.com/
35493,https://www.inmobiliariadelnorte.com.mx/
35566,https://accioninmobiliaria.com.mx/
35409,https://construex.com.mx/admin-user/index
35344,https://www.proveedorauniversaldemurosyplafones.com/materiales.html
35381,https://maderasunion.com/index.html#productos
35497,https://www.macopisa.com/
35681,https://www.miluzmia.com.mx/
35330,http://www.construccioneszavir.com.mx
35352,https://constructoraalliensadecvd7a8e870.miadn.mx
35389,https://www.arquitectosalarconingenieriayconstruccion.com/
35571,https://www.laboratoriolasecct.com/
35632,https://www.proveedoralosvolcanes.com.mx/#INICIO
35683,https://clevisguadalajarasadecv.miadn.mx/
35686,https://mwconstruccionespaviasfaltos.miadn.mx/
35355,https://mwconstruccionespaviasfaltos.miadn.mx/
35401,https://tabascocasasadecv.miadn.mx/
35477,https://www.constructoravvr.com.mx/
35119,https://www.impermeabilizantesyaislanteslopez.com/
35539,https://www.construccionespycisa.com/
35704,https://www.accesoriosvidral.com/
35710,https://greenrealtymexico.com
35463,https://www.tropicasa.com/es
35500,https://www.puertovallartarealstate.com
35562,https://pinsalica.com.mx
35585,https://www.luccagrupoinmobiliario.com.mx
35675,https://www.speziamazatlan.com.mx
35691,https://arcoconstrucciones.mx
35722,https://www.dmaelfuturo.com.mx/
35423,https://www.construfacil.mx/
35443,https://www.vialiconstrurama.com/
35453,https://www.comex.com.mx/
35492,https://ledsbegreen.com.mx/
35518,https://www.totalite.com.mx/
35591,https://www.mueblesprovelslp.com/
35625,https://carpicentromx.com/inicio.html
35625,https://arteprimitivomx.com/
35625,https://www.arquitecturainteriorymuebles.com/
35625,http://atecba.com.mx/
35625,https://kettal.com.mx/
35625,https://maldbrend.com/
35625,https://www.francorep.com.mx/
35625,http://www.cealsa.com.mx/quienes.html
35625,https://racksespecializados.net/
35530,https://logesa.com/
35569,https://www.gruposgmv.mx/
35587,http://ibarratransformacionesmetalicas.com/
35615,https://www.lagerhaus.com.mx/
35735,http://masespacio.mx/
35744,https://www.abqro.com/
35525,https://sites.google.com/view/aluomar/inicio?authuser=0
35610,https://araluminio.com/contacto/
35741,https://www.tecnimas.com.mx/index.html
35634,http://manufacturasjaguar.com/
35637,https://www.casalucerito.com/index.html
35641,https://keuken-maxiequipos.com/
35726,https://www.elmasbarato.mx/
35738,https://www.cocinaszacatecasik.com/cocinas-integrales-2
35745,http://materialesdeyucatan.com.mx/index.html
35934,http://www.ferreteriaferrera.com/
36069,https://pinpj.com.mx/
35775,https://www.hascer.com/es/
35785,https://minospisos.com/
35793,https://www.azulejerasanjose.com/index.aspx
35811,https://www.cocinasca-doz.com/
35864,https://www.cocinasyclosetsremoin.com/
35912,https://woodcraft.mx/
35931,https://dekoramuebleria.com/
35782,https://espacioskonarte.com.mx/
35780,https://www.annacuadra.com/
